id,username,password,email,status,expiration_date,avatarUrl,avatarFd
23,Hoi11,$2a$10$Yeb3fUVlJCdMCvu2kccwbePpmzCiM3aEyqm9WZDERyLq3vzSAgDTq,anhoi@gmail.com,active,Sat Dec 24 2016 00:00:00 GMT+0700 (ICT),http://localhost:1337/user/avatar/undefined,/var/www/html/nodejs/.tmp/uploads/fa6070dc-362e-484e-a102-3293b80efc74.csv
24,nganh ngô,$2a$10$HdAvy/DSY5tefWwnZw4xW.gau493rL6bdi2G32THqgnnQn0uZ.oea,nganh@gmail.com,active,0000-00-00 00:00:00,http://localhost:1337/user/avatar/undefined,/var/www/html/nodejs/.tmp/uploads/fa6070dc-362e-484e-a102-3293b80efc74.csv
26,haiii,$2a$10$/jeIAN6y5vkctQJg1zx/XO.iFRT0EAy8RHWbFRU9UcYwdQJCh5umG,haiii@gmail.com,active,0000-00-00 00:00:00,http://localhost:1337/user/avatar/undefined,/var/www/html/nodejs/.tmp/uploads/fa6070dc-362e-484e-a102-3293b80efc74.csv
32,haiiirrrrrrr,$2a$10$vo2NCC1LTtzOKtG/rdqLMeAYqltKCAYJNXJKVK7fA/cIOCp6bAsOu,haiii@gmail.com,active,0000-00-00 00:00:00,http://localhost:1337/user/avatar/undefined,/var/www/html/nodejs/.tmp/uploads/fa6070dc-362e-484e-a102-3293b80efc74.csv
33,haiiieeeeeeee,$2a$10$krzB7NMsRmS36LU.mK6nzuVIE./Tybt1g9/30p5rb5KnpY0AY/w4u,haiii@gmail.com,active,0000-00-00 00:00:00,http://localhost:1337/user/avatar/undefined,/var/www/html/nodejs/.tmp/uploads/fa6070dc-362e-484e-a102-3293b80efc74.csv
94,hoi,$2a$10$i0p/pkNR6v4uzs5kQJCLourNqkagU3GsMScbvbjVj.mb9uTiJtDfO,as@gmail.com,active,Fri Nov 16 2018 00:00:00 GMT+0700 (ICT),,
95,an,$2a$10$n6RYkKXrG5aRnXqB7qiKB.Gl/Z3FylNO3NYZzr5jWnKYXrR1K7qxq,sas@gmail.com,inactive,Thu Nov 17 2016 00:00:00 GMT+0700 (ICT),,
96,thanh,$2a$10$bYOPE2DTH7nquJqEN34b9u81Lt6CyCkkHt79Cd8RwpjV.Mgsqju/2,as@gmail.com,active,Fri Nov 16 2018 00:00:00 GMT+0700 (ICT),,
97,le,$2a$10$LerileheKjv7qWmPn.sFy.dBTEGvA5J2uiZ425KbsdB5/de3QEgOK,sas@gmail.com,inactive,Thu Nov 17 2016 00:00:00 GMT+0700 (ICT),,
